cluster,keyword,cluster_size,priority
google ads,google ads management,6,HIGH
google ads,google ads agency,6,HIGH
google ads,google ads campaign,6,HIGH
google ads,google ads consultant,6,HIGH
google ads,ecommerce google ads,6,HIGH
google ads,shopify google ads,6,HIGH
wordpress developer,wordpress developer,6,HIGH
wordpress developer,wordpress developer near me,6,HIGH
wordpress developer,hire wordpress developer,6,HIGH
wordpress developer,wordpress performance,6,HIGH
wordpress developer,wordpress seo,6,HIGH
wordpress developer,seo for wordpress,6,HIGH
instagram marketing,instagram marketing,3,MEDIUM
instagram marketing,instagram ads,3,MEDIUM
instagram marketing,email marketing,3,MEDIUM
local seo,local seo,3,MEDIUM
local seo,local seo services,3,MEDIUM
local seo,local business seo,3,MEDIUM
seo audit,technical seo audit,3,MEDIUM
seo audit,seo audit service,3,MEDIUM
seo audit,website seo audit,3,MEDIUM
wordpress theme,wordpress theme development,3,MEDIUM
wordpress theme,custom wordpress theme,3,MEDIUM
wordpress theme,wordpress plugin development,3,MEDIUM
conversion optimization,conversion rate optimization,2,LOW
conversion optimization,website conversion optimization,2,LOW
digital marketing,digital marketing agency,2,LOW
digital marketing,digital marketing services,2,LOW
lead generation,lead generation,2,LOW
lead generation,lead generation website,2,LOW
wordpress design,wordpress website design,2,LOW
wordpress design,wordpress web design,2,LOW
email campaign,email campaign management,1,LOW
facebook ads,facebook ads,1,LOW
landing page,landing page design,1,LOW
ppc management,ppc management,1,LOW
social media,social media marketing,1,LOW
wordpress speed,wordpress speed optimization,1,LOW
